{"stats":{"minecraft:used":{"tardis_refined:fools_stone":4,"minecraft:deepslate_tile_slab":1,"minecraft:cut_sandstone":3,"minecraft:polished_deepslate":1},"minecraft:custom":{"minecraft:jump":9,"minecraft:time_since_rest":2039,"minecraft:leave_game":1,"minecraft:crouch_one_cm":35,"minecraft:play_time":2039,"minecraft:time_since_death":2039,"minecraft:walk_one_cm":13162,"minecraft:climb_one_cm":208,"minecraft:sneak_time":17,"minecraft:total_world_time":2328,"minecraft:fly_one_cm":3091}},"DataVersion":3465}