{"stats":{"minecraft:picked_up":{"tardisflightcore:demat_circuit":1},"minecraft:dropped":{"tardisflightcore:demat_circuit":1},"minecraft:custom":{"minecraft:time_since_rest":21415,"minecraft:crouch_one_cm":36,"minecraft:play_time":21415,"minecraft:sprint_one_cm":16048,"minecraft:walk_one_cm":50642,"minecraft:sneak_time":144,"minecraft:drop":1,"minecraft:jump":49,"minecraft:leave_game":1,"minecraft:time_since_death":21415,"minecraft:climb_one_cm":1042,"minecraft:total_world_time":21571,"minecraft:fly_one_cm":214912},"minecraft:used":{"minecraft:polished_deepslate_stairs":1,"tardis_refined:astral_manipulator":3,"tardis_refined:zeiton_lantern":7,"tardis_refined:zeiton_block":4,"minecraft:polished_deepslate":1,"minecraft:ladder":5,"minecraft:polished_deepslate_wall":8,"minecraft:copper_block":8,"minecraft:redstone_block":1,"tardis_refined:root_shell":1,"tardis_refined:terraformer":1,"tardis_refined:tardis_console":1,"tardisflightcore:engine_compartment":1}},"DataVersion":3465}